[ {
  "title" : "Breaking Bad",
  "description" : "A high school teacher turns into a drug kingpin",
  "releaseDate" : [ 2008, 1, 20 ],
  "episodes" : [ ],
  "cast" : [ ]
}, {
  "title" : "Game of Thrones",
  "description" : "Fantasy series about noble houses fighting for the Iron Throne",
  "releaseDate" : [ 2011, 4, 17 ],
  "episodes" : [ ],
  "cast" : [ ]
}, {
  "title" : "Stranger Things",
  "description" : "Kids discover supernatural events in their small town",
  "releaseDate" : [ 2016, 7, 15 ],
  "episodes" : [ ],
  "cast" : [ ]
} ]